[
  {
    "//": "Cycling data for the entire UK",
    "importerClass": "uk.org.tombolo.importer.osm.CyclingImporter",
    "datasourceId": "OSMCycling",
    "geographyScope": [
            "europe/great-britain/england/berkshire",
            "europe/great-britain/england/buckinghamshire",
            "europe/great-britain/england/cambridgeshire",
            "europe/great-britain/england/cheshire",
            "europe/great-britain/england/cornwall",
            "europe/great-britain/england/cumbria",
            "europe/great-britain/england/derbyshire",
            "europe/great-britain/england/devon",
            "europe/great-britain/england/dorset",
            "europe/great-britain/england/east-sussex",
            "europe/great-britain/england/east-yorkshire-with-hull",
            "europe/great-britain/england/essex",
            "europe/great-britain/england/gloucestershire",
            "europe/great-britain/england/greater-london",
            "europe/great-britain/england/greater-manchester",
            "europe/great-britain/england/hampshire",
            "europe/great-britain/england/herefordshire",
            "europe/great-britain/england/hertfordshire",
            "europe/great-britain/england/isle-of-wight",
            "europe/great-britain/england/kent",
            "europe/great-britain/england/lancashire",
            "europe/great-britain/england/leicestershire",
            "europe/great-britain/england/norfolk",
            "europe/great-britain/england/north-yorkshire",
            "europe/great-britain/england/northumberland",
            "europe/great-britain/england/nottinghamshire",
            "europe/great-britain/england/oxfordshire",
            "europe/great-britain/england/shropshire",
            "europe/great-britain/england/somerset",
            "europe/great-britain/england/south-yorkshire",
            "europe/great-britain/england/staffordshire",
            "europe/great-britain/england/suffolk",
            "europe/great-britain/england/surrey",
            "europe/great-britain/england/west-midlands",
            "europe/great-britain/england/west-sussex",
            "europe/great-britain/england/west-yorkshire",
            "europe/great-britain/england/wiltshire",
            "europe/great-britain/england/worcestershire",
            "europe/great-britain/wales"
    ]
  },
  {
    "//": "Cycling data for the entire UK",
    "importerClass": "uk.org.tombolo.importer.osm.HighwaysImporter",
    "datasourceId": "OSMHighways",
    "geographyScope": [
            "europe/great-britain/england/berkshire",
            "europe/great-britain/england/buckinghamshire",
            "europe/great-britain/england/cambridgeshire",
            "europe/great-britain/england/cheshire",
            "europe/great-britain/england/cornwall",
            "europe/great-britain/england/cumbria",
            "europe/great-britain/england/derbyshire",
            "europe/great-britain/england/devon",
            "europe/great-britain/england/dorset",
            "europe/great-britain/england/east-sussex",
            "europe/great-britain/england/east-yorkshire-with-hull",
            "europe/great-britain/england/essex",
            "europe/great-britain/england/gloucestershire",
            "europe/great-britain/england/greater-london",
            "europe/great-britain/england/greater-manchester",
            "europe/great-britain/england/hampshire",
            "europe/great-britain/england/herefordshire",
            "europe/great-britain/england/hertfordshire",
            "europe/great-britain/england/isle-of-wight",
            "europe/great-britain/england/kent",
            "europe/great-britain/england/lancashire",
            "europe/great-britain/england/leicestershire",
            "europe/great-britain/england/norfolk",
            "europe/great-britain/england/north-yorkshire",
            "europe/great-britain/england/northumberland",
            "europe/great-britain/england/nottinghamshire",
            "europe/great-britain/england/oxfordshire",
            "europe/great-britain/england/shropshire",
            "europe/great-britain/england/somerset",
            "europe/great-britain/england/south-yorkshire",
            "europe/great-britain/england/staffordshire",
            "europe/great-britain/england/suffolk",
            "europe/great-britain/england/surrey",
            "europe/great-britain/england/west-midlands",
            "europe/great-britain/england/west-sussex",
            "europe/great-britain/england/west-yorkshire",
            "europe/great-britain/england/wiltshire",
            "europe/great-britain/england/worcestershire",
            "europe/great-britain/wales"
    ]
  },
  {
    "importerClass": "uk.org.tombolo.importer.ons.OaImporter",
    "datasourceId": "lsoa"
  },
  {
    "importerClass": "uk.org.tombolo.importer.ons.OaImporter",
    "datasourceId": "msoa"
  },
  {
    "importerClass": "uk.org.tombolo.importer.ons.OaImporter",
    "datasourceId": "localAuthority"
  }
]